id;name;mime_type;attached_file;attached_file_content_type;url
1;copying compressing port;Pants;../fake-data/blob/hipster.png;image/png;https://emmett.biz
2;Interactions Metal;Burg Pizza Quality;../fake-data/blob/hipster.png;image/png;http://carmel.info
3;Tennessee;Senior;../fake-data/blob/hipster.png;image/png;https://harmony.name
4;Steel;Designer South COM;../fake-data/blob/hipster.png;image/png;https://ford.org
5;haptic;Rubber architectures;../fake-data/blob/hipster.png;image/png;http://estrella.biz
6;Officer;Brand and disintermediate;../fake-data/blob/hipster.png;image/png;http://gladys.info
7;Cotton Table;e-business;../fake-data/blob/hipster.png;image/png;http://nakia.com
8;Key cross-platform;Manager;../fake-data/blob/hipster.png;image/png;https://deja.org
9;capacitor improvement;Islands;../fake-data/blob/hipster.png;image/png;http://enoch.name
10;Gorgeous driver;synthesize yellow;../fake-data/blob/hipster.png;image/png;https://cierra.org
