id;year;report_title;institution;report_description
1;93692;Right-sized Ridge;2266;Books GB
2;78710;Bermuda;52912;hacking Rupiah content
3;40067;Product;54798;framework application Avon
4;11627;Consultant;8670;calculate withdrawal Executive
5;14206;South;14140;auxiliary Markets copy
6;41468;background Mexico infrastructures;130;synergistic Computers bypass
7;82361;invoice;66325;generate
8;97353;Computer Delaware parse;81338;Strategist
9;56562;Corporate;85086;Frozen networks Shoes
10;31825;Gateway Profound Supervisor;66541;parse
